location_name,formatted_address,latitude,longitude
"Sea Street Kotahena, Colombo, Sri Lanka","Sea St, Colombo 01300, Sri Lanka",6.9418464,79.8542501
"Pamankada Junction, Colombo, Sri Lanka","Pamankada Ln, Colombo, Sri Lanka",6.8756803,79.8676529
"Kotahena Junction, Colombo, Sri Lanka","Kotahena St, Colombo 01300, Sri Lanka",6.9494699,79.8626776
"Bauddhaloka Mawatha Havelock Town, Colombo, Sri Lanka","Bauddhaloka Mawatha, Colombo, Sri Lanka",6.897011,79.8598172
"Fort Railway Station Area, Colombo, Sri Lanka","Fort Railway station, Colombo, Sri Lanka",6.9337011,79.85003019999999
"Bambalapitiya Junction, Colombo, Sri Lanka","Bambalapitiya, Colombo 00500, Sri Lanka",6.8894192,79.8575468
"Borella Junction, Colombo, Sri Lanka","18 Dr NM Perera Mawatha Rd, Colombo 00800, Sri Lanka",6.9139525,79.878481
"Hulftsdorp Junction, Colombo, Sri Lanka","Hultsdorf St, Colombo, Sri Lanka",6.9375553,79.8608161
"Maradana Junction, Colombo, Sri Lanka","Maradana Junction, Colombo 01000, Sri Lanka",6.928874,79.8637428
"Kochchikade Junction, Colombo, Sri Lanka","Colombo, Sri Lanka",6.9270786,79.861243
"Duplication Road Bambalapitiya, Colombo, Sri Lanka","450 E R. A. De Mel Mawatha, Colombo 00200, Sri Lanka",6.9024028,79.8545389
"Darley Road Cinnamon Gardens, Colombo, Sri Lanka","Darley Rd, Colombo, Sri Lanka",6.9228616,79.8620451
"D R Wijewardena Mawatha Fort, Colombo, Sri Lanka","McCallum Rd, Colombo, Sri Lanka",6.9324236,79.8505139
"Colombo Fort Bus Stand Area, Colombo, Sri Lanka","WVM4+6G8 Bastian Mawatha Bus Station, Olcott Mawatha, Colombo, Sri Lanka",6.932847,79.856589
"High Level Road Kirulapone, Colombo, Sri Lanka","High Level Rd, Colombo, Sri Lanka",6.8775584,79.8793098
"Slave Island Junction, Colombo, Sri Lanka","Kompannavidiya Flyover, Colombo, Sri Lanka",6.9266493,79.8483123
"Town Hall Area, Colombo, Sri Lanka","Town Hall, Colombo 01000, Sri Lanka",6.9158502,79.8637861
"Messenger Street Pettah, Colombo, Sri Lanka","M. J. M. Lafeer Mawatha, Colombo, Sri Lanka",6.9411356,79.8629811
"Narahenpita Junction, Colombo, Sri Lanka","Narahenpita, Colombo 00500, Sri Lanka",6.8899209,79.8826281
"Wellawatte Junction, Colombo, Sri Lanka","Wellawatte, Colombo 00600, Sri Lanka",6.874092099999999,79.8604934
"Union Place Slave Island, Colombo, Sri Lanka","Union Pl, Colombo, Sri Lanka",6.9203664,79.8578057
"Liberty Plaza Area, Colombo, Sri Lanka","300 Srimath Anagarika Dharmapala Mawatha, Colombo 00300, Sri Lanka",6.9118996,79.85130869999999
"Wellawatte Railway Station Area, Colombo, Sri Lanka","VVF5+W22, Wellawatte Station Rd, Colombo, Sri Lanka",6.874752,79.85750639999999
"Havelock Road Havelock Town, Colombo, Sri Lanka","Havelock Rd, Colombo 00500, Sri Lanka",6.8903417,79.8638234
"Mutwal Road Mutwal, Colombo, Sri Lanka","Muthuwella Mawatha, Colombo, Sri Lanka",6.9640994,79.8649458
"Ibbanwala Junction, Colombo, Sri Lanka","Ibbanwala, Colombo, Sri Lanka",6.917642,79.8597831
"Mahanama College Junction, Colombo, Sri Lanka","WV43+FW2, R. A. De Mel Mawatha, Colombo, Sri Lanka",6.9061492,79.8547687
"T B Jayah Mawatha Maradana, Colombo, Sri Lanka","T. B. Jayah Mawatha, Colombo, Sri Lanka",6.9235871,79.8619082
"Pettah Clock Tower Area, Colombo, Sri Lanka","Pettah, Colombo, Sri Lanka",6.9367858,79.8525385
"Justice Akbar Mawatha Slave Island, Colombo, Sri Lanka","Justice Akbar Mawatha, Colombo, Sri Lanka",6.9238481,79.8503668
"Maradana Railway Station Area, Colombo, Sri Lanka","Maradana Railway Station, Jayantha Weerasekara Mawatha, Colombo 01000, Sri Lanka",6.92946,79.86511000000002
"Union Place Borella, Colombo, Sri Lanka","Colombo 08, Colombo, Sri Lanka",6.9147836,79.8775951
"Armour Street Junction, Colombo, Sri Lanka","Armour St, Colombo, Sri Lanka",6.9424222,79.8637618
"Panchikawatte Junction, Colombo, Sri Lanka","Panchikawatta, Colombo 01000, Sri Lanka",6.9309682,79.8639835
"Mattakkuliya Junction, Colombo, Sri Lanka","Mattakkuliya Brg, Colombo, Sri Lanka",6.9805611,79.875318
"Sir Chittampalam A Gardiner Mawatha Fort, Colombo, Sri Lanka","Sir Chittampalam A Gardiner Mawath, Colombo, Sri Lanka",6.9298377,79.8477933
"Pettah Market Area, Colombo, Sri Lanka","WVP3+VMM, Keyzer St, Colombo 01100, Sri Lanka",6.937201699999999,79.854187
"Modara Junction, Colombo, Sri Lanka","Modara, Colombo, Sri Lanka",6.9669247,79.8711533
"Grandpass Junction, Colombo, Sri Lanka","Grandpass Rd, Colombo, Sri Lanka",6.9432514,79.8685531
"Bambalapitiya Railway Station Area, Colombo, Sri Lanka","Bambalapitiya Railway Station, Colombo, Sri Lanka",6.8936984,79.8529574
"Madampitiya Road, Colombo, Sri Lanka","Madampitiya Rd, Colombo, Sri Lanka",6.9624445,79.8714976
"Dematagoda Junction, Colombo, Sri Lanka","Dematagoda Pl, Colombo, Sri Lanka",6.9293231,79.8764195
"Panchikawatte, Colombo, Sri Lanka","Panchikawatta, Colombo 01000, Sri Lanka",6.9309682,79.8639835
"Sea Street Pettah, Colombo, Sri Lanka","Sea St, Colombo 01300, Sri Lanka",6.9418464,79.8542501
"Galle Road Fort, Colombo, Sri Lanka","Galle Buck Rd, Colombo, Sri Lanka",6.9363912,79.8415204
"Kollupitiya Junction, Colombo, Sri Lanka","Kollupitiya - Sri Jayewardenepura Rd, Colombo, Sri Lanka",6.9117245,79.8614617
"Fort Bus Stand Area, Colombo, Sri Lanka","WVM4+6G8 Bastian Mawatha Bus Station, Olcott Mawatha, Colombo, Sri Lanka",6.932847,79.856589
"Havelock Town Junction, Colombo, Sri Lanka","Havelock Town, Colombo, Sri Lanka",6.886651899999999,79.8646835
"Sea Street Junction, Colombo, Sri Lanka","Sea St, Colombo 01300, Sri Lanka",6.9418464,79.8542501
"D R Wijewardena Mawatha Dematagoda, Colombo, Sri Lanka","McCallum Rd, Colombo, Sri Lanka",6.9315143,79.8545206
"Armour Street Pettah, Colombo, Sri Lanka","Armour St, Colombo, Sri Lanka",6.9424222,79.8637618
"Nelum Pokuna Area, Colombo, Sri Lanka","110 Ananda Coomaraswamy Mawatha, Colombo 00700, Sri Lanka",6.910803199999999,79.86344670000001
"Kollupitiya Railway Station Area, Colombo, Sri Lanka","Kollupitiya Railway Station, Colombo, Sri Lanka",6.9112629,79.8481782
"Thimbirigasyaya Junction, Colombo, Sri Lanka","Thimbirigasyaya Rd, Colombo 00500, Sri Lanka",6.8936437,79.8704269
"Baseline Road Borella, Colombo, Sri Lanka","Baseline Rd, Colombo, Sri Lanka",6.919902,79.8776917
"Galle Road Wellawatte, Colombo, Sri Lanka","Galle Rd, Colombo, Sri Lanka",6.8755051,79.861039
"Colombo 07 Junction, Colombo, Sri Lanka","Colombo 07, Colombo 00700, Sri Lanka",6.9066125,79.8596227
"Bauddhaloka Mawatha Cinnamon Gardens, Colombo, Sri Lanka","Bauddhaloka Mawatha, Colombo 00700, Sri Lanka",6.901932,79.8694402
"Borella Police Area, Colombo, Sri Lanka","Colombo 08, Colombo, Sri Lanka",6.9147836,79.8775951
"Marine Drive Kollupitiya, Colombo, Sri Lanka","Marine Drive, Colombo, Sri Lanka",6.9061405,79.8497258
"Viharamahadevi Park Entrance, Colombo, Sri Lanka","Viharamahadevi Park, Colombo 00700, Sri Lanka",6.9142322,79.8625967
"Olcott Mawatha Pettah, Colombo, Sri Lanka","Olcott Mawatha, Colombo, Sri Lanka",6.9344449,79.8544929
"Maya Avenue Junction, Colombo, Sri Lanka","Maya Ave, Colombo 00500, Sri Lanka",6.8798254,79.870857
"Kollupitiya Flyover Approach, Colombo, Sri Lanka","Kollupitiya, Colombo, Sri Lanka",6.912815399999999,79.8506815
"Galle Road Kollupitiya, Colombo, Sri Lanka","Galle Rd, Colombo, Sri Lanka",6.9037968,79.8521362
"Duplication Junction, Colombo, Sri Lanka","Colombo, Sri Lanka",6.9270786,79.861243
"Havelock Place Area, Colombo, Sri Lanka","Havelock Pl, Colombo 00500, Sri Lanka",6.8854515,79.8658603
"Union Place, Colombo, Sri Lanka","Union Place, Colombo, Sri Lanka",6.922958299999999,79.8523572
"Dehiwela Junction, Colombo, Sri Lanka","Dehiwala Junction, Galle Rd, Dehiwala-Mount Lavinia, Sri Lanka",6.851808600000001,79.8658258
"Dehiwela Railway Station Area, Colombo, Sri Lanka","Dehiwala Railway Station, Colombo, Sri Lanka",6.8509059,79.86209749999999
"Rawatawatte Junction, Colombo, Sri Lanka","De Zoysa Road Bus Stop, QVQP+623, Moratuwa 10400, Sri Lanka",6.788007899999999,79.88505599999999
"Mount Lavinia Junction, Colombo, Sri Lanka","Mount Lavinia Junction, Dehiwala-Mount Lavinia, Sri Lanka",6.8305983,79.8677664
"Galle Road Dehiwela, Colombo, Sri Lanka","Galle Rd, Colombo, Sri Lanka",6.8880556,79.8572538
"Galle Road Mount Lavinia, Colombo, Sri Lanka","Galle Rd, Dehiwala-Mount Lavinia, Sri Lanka",6.8619957,79.8639238
"Templers Road Mount Lavinia, Colombo, Sri Lanka","Templers Rd, Dehiwala-Mount Lavinia, Sri Lanka",6.832008,79.8767966
"De Saram Road Dehiwela, Colombo, Sri Lanka","De Saram Rd, Dehiwala-Mount Lavinia, Sri Lanka",6.8388447,79.864798
"Nugegoda Junction, Colombo, Sri Lanka","Nugegoda Junction, Nugegoda, Sri Lanka",6.872351,79.89024859999999
"Nugegoda Town, Colombo, Sri Lanka","Nugegoda, Sri Lanka",6.8649081,79.8996789
"Pagoda Road Nugegoda, Colombo, Sri Lanka","Pagoda Rd, Sri Lanka",6.8805035,79.895529
"High Level Road Nugegoda, Colombo, Sri Lanka","High Level Rd, Colombo, Sri Lanka",6.8780486,79.8770959
"High Level Road Maharagama, Colombo, Sri Lanka","High Level Rd, Maharagama, Sri Lanka",6.8491609,79.9243239
"High Level Road Gangodawila, Colombo, Sri Lanka","High Level Rd, Nugegoda, Sri Lanka",6.8686325,79.8912422
"Wijerama Junction, Colombo, Sri Lanka","Wijerama Mawatha, Colombo 00700, Sri Lanka",6.9110572,79.8711168
"Wijerama Mawatha Nugegoda, Colombo, Sri Lanka","Wijerama Mawatha, Nugegoda, Sri Lanka",6.8579485,79.909484
"Depanama Junction, Colombo, Sri Lanka","Colombo, Sri Lanka",6.9270786,79.861243
"Maharagama Junction, Colombo, Sri Lanka","Maharagama, Sri Lanka",6.851095099999999,79.92120109999999
"Maharagama Town, Colombo, Sri Lanka","Maharagama Town, Maharagama, Sri Lanka",6.8446801,79.9342155
"Rajagiriya Junction, Colombo, Sri Lanka","Rajagiriya Rd, Sri Lanka",6.91574,79.8957611
"Rajagiriya Flyover, Colombo, Sri Lanka","Rajagiriya Flyover, Sri Lanka",6.909007,79.8958705
"Rajagiriya Police Area, Colombo, Sri Lanka","WV5W+HP2, Sri Jayawardenepura Kotte, Sri Lanka",6.9088776,79.8967739
"Nawala Road Rajagiriya, Colombo, Sri Lanka","Nawala Rd, Sri Jayawardenepura Kotte, Sri Lanka",6.9070157,79.895346
"Nawala Junction, Colombo, Sri Lanka","Nawala Rd, Colombo, Sri Lanka",6.8863084,79.887159
"Sri Jayawardenepura Kotte Junction, Colombo, Sri Lanka","Kotte - Bope Rd, Sri Lanka",6.86535,80.022372
"Polduwa Junction, Colombo, Sri Lanka","WW36+78R, AB15, Sri Jayawardenepura Kotte 10120, Sri Lanka",6.9032414,79.9107575
"Ethul Kotte Junction, Colombo, Sri Lanka","397 Thalawathugoda Road, Sri Jayawardenepura Kotte, Sri Lanka",6.8793511,79.92028909999999
"Thurstan Road Colombo 03, Colombo, Sri Lanka","Thurstan Rd, Colombo 00700, Sri Lanka",6.9017842,79.8590851
"Kirula Road Borella, Colombo, Sri Lanka","Kirula Rd, Colombo 00500, Sri Lanka",6.8929759,79.873639
"Baseline Road Dematagoda, Colombo, Sri Lanka","Baseline Rd, Colombo, Sri Lanka",6.9341248,79.8782223
"Dematagoda Police Area, Colombo, Sri Lanka","Colombo 09, Colombo, Sri Lanka",6.933238599999999,79.8772834
"Ingurukade Junction, Colombo, Sri Lanka","Inguru Kade Junction Bus Stop, Colombo, Sri Lanka",6.9503796,79.8735945
"Technical Junction, Colombo, Sri Lanka","WVJ6+W69 Technical Junction, Colombo 01000, Sri Lanka",6.9322829,79.86062299999999
"Maligawatte Junction, Colombo, Sri Lanka","Maligawatte Square, Colombo 01000, Sri Lanka",6.9318113,79.8695229
"Maligawatte Road, Colombo, Sri Lanka","Maligawatta Rd, Colombo 01000, Sri Lanka",6.9337622,79.8718568
"Kirulapone Junction, Colombo, Sri Lanka","VVHG+8HG, High Level Rd, Colombo 00500, Sri Lanka",6.8783033,79.8764475
"Kirulapone Avenue, Colombo, Sri Lanka","Kirulapone Ave, Colombo 00500, Sri Lanka",6.8809572,79.8748929
"Havelock Road Kirulapone, Colombo, Sri Lanka","Sri Sambuddhathva Jayanthi Mawatha, Colombo 00500, Sri Lanka",6.8820709,79.869572
"Alfred Place Colombo 03, Colombo, Sri Lanka","Alfred Pl, Colombo, Sri Lanka",6.9024159,79.8557709
"Jawatte Road Colombo 05, Colombo, Sri Lanka","Jawatta Rd, Colombo, Sri Lanka",6.8953002,79.8668991
"Lauries Road Colombo 04, Colombo, Sri Lanka","Lauries Rd, Colombo, Sri Lanka",6.8952607,79.8576381
"Bullers Road Colombo 07, Colombo, Sri Lanka","Bauddhaloka Mawatha, Colombo 00700, Sri Lanka",6.9018407,79.8692882
"Grandpass Road Colombo 14, Colombo, Sri Lanka","Grandpass Rd, Colombo, Sri Lanka",6.9434634,79.8691086
"Baseline Road Grandpass, Colombo, Sri Lanka","Baseline Rd, Colombo, Sri Lanka",6.9456127,79.8784333
"Kotahena Street Colombo 13, Colombo, Sri Lanka","Kotahena St, Colombo 01300, Sri Lanka",6.9494699,79.8626776
"St. Anthony's Mawatha Colombo 03, Colombo, Sri Lanka","St Anthony's Mawatha, Colombo, Sri Lanka",6.9081731,79.8550381
"Norris Canal Road Maradana, Colombo, Sri Lanka","Norris Canal Rd, Colombo 01000, Sri Lanka",6.9210399,79.8659874
"Baseline Road Kotahena, Colombo, Sri Lanka","Baseline Rd, Colombo, Sri Lanka",6.9293193,79.8779337
"Hospital Road Colombo 10, Colombo, Sri Lanka","Hospital Rd, Colombo, Sri Lanka",6.8648594,79.8703535
"Kynsey Road Colombo 08, Colombo, Sri Lanka","Kynsey Rd, Colombo, Sri Lanka",6.9138953,79.8749431
"Galle Road Colombo 03, Colombo, Sri Lanka","Galle Rd, Colombo, Sri Lanka",6.9037968,79.8521362
"Galle Road Colombo 04, Colombo, Sri Lanka","Galle Rd, Colombo, Sri Lanka",6.887547,79.8574305
"Galle Road Colombo 06, Colombo, Sri Lanka","06 Galle Rd, Colombo, Sri Lanka",6.8788563,79.86014399999999
"Galle Road Colombo 08, Colombo, Sri Lanka","Galle Rd, Colombo, Sri Lanka",6.8880556,79.8572538
"Galle Road Rathmalana, Colombo, Sri Lanka","Galle Rd, Sri Lanka",6.8164799,79.8765378
"Galle Road Moratuwa, Colombo, Sri Lanka","Galle Rd, Sri Lanka",6.8164799,79.8765378
"Marine Drive Galle Face, Colombo, Sri Lanka","Chaithya Rd, Colombo, Sri Lanka",6.9316981,79.841965
"Kandy Road Kelaniya, Colombo, Sri Lanka","Kandy Rd, Colombo, Sri Lanka",6.9559402,79.8879039
"Kandy Road Kadawatha, Colombo, Sri Lanka","Kandy Rd, Colombo, Sri Lanka",6.9559402,79.8879039
"Baseline Road Rajagiriya, Colombo, Sri Lanka","Baseline Rd, Sri Lanka",6.9345357,79.8783223
"Baseline Road Kesbewa, Colombo, Sri Lanka","Kesbewa, Piliyandala, Sri Lanka",6.778670099999999,79.9472502
"Old Kesbewa Road Nugegoda, Colombo, Sri Lanka","Old Kesbewa Rd, Sri Lanka",6.8591238,79.8985729
"Horana Road Kesbewa, Colombo, Sri Lanka","Horana Rd, Boralesgamuwa, Sri Lanka",6.8414636,79.9014475
"Main Street Pettah, Colombo, Sri Lanka","Main St, Colombo, Sri Lanka",6.9374659,79.8507335
"Second Cross Street Pettah, Colombo, Sri Lanka","2nd Cross Street, Colombo, Sri Lanka",6.9372138,79.8519567
"Dam Street Colombo 12, Colombo, Sri Lanka","Dam St, Colombo, Sri Lanka",6.9379068,79.8573875
"Manning Market Area, Colombo, Sri Lanka","Manning Market, Colombo, Sri Lanka",6.934375999999999,79.853132
"York Street Fort, Colombo, Sri Lanka","York St, Colombo, Sri Lanka",6.9351279,79.8449701
"Lotus Road Colombo 01, Colombo, Sri Lanka","Lotus Rd, Colombo, Sri Lanka",6.932894,79.8461394
"Chatham Street Fort, Colombo, Sri Lanka","Chatham St, Colombo, Sri Lanka",6.9345031,79.8437927
"Prince Street Colombo 11, Colombo, Sri Lanka","Prince Street, Colombo, Sri Lanka",6.935979,79.8518691
"Reclamation Road Colombo 11, Colombo, Sri Lanka","NHM Abdul Cader Rd, Colombo, Sri Lanka",6.9383598,79.8505316
"Beira Lake Road Colombo 02, Colombo, Sri Lanka","Beira Lake, Colombo, Sri Lanka",6.929434499999999,79.8541822
"Reid Avenue Colombo 07, Colombo, Sri Lanka","Reid Ave, Colombo 00700, Sri Lanka",6.9012193,79.8616499
"Dr. Colvin R. de Silva Mawatha, Colombo, Sri Lanka","Dr Colvin R de Silva Mawatha, Colombo, Sri Lanka",6.9202127,79.8581323
"Ananda Coomaraswamy Mawatha, Colombo, Sri Lanka","Ananda Coomaraswamy Mawatha, Colombo, Sri Lanka",6.9116978,79.8579365
"Independence Square Area, Colombo, Sri Lanka","Independence Square, Colombo 00700, Sri Lanka",6.9035383,79.8681098
"Rosmead Place Colombo 07, Colombo, Sri Lanka","Rosmead Pl, Colombo 00700, Sri Lanka",6.9145695,79.8701665
"Flower Road Colombo 03, Colombo, Sri Lanka","Flower Terrace Rd, Colombo, Sri Lanka",6.9102081,79.8552702
"Guildford Crescent Colombo 07, Colombo, Sri Lanka","Guildford Cres, Colombo 00700, Sri Lanka",6.9079027,79.862732
"Horton Place Colombo 07, Colombo, Sri Lanka","Horton Pl, Colombo 00700, Sri Lanka",6.9114857,79.8700506
"Alfred House Gardens Colombo 03, Colombo, Sri Lanka","Alfred House Gardens, Colombo, Sri Lanka",6.8992881,79.8549838
"Battaramulla Junction, Colombo, Sri Lanka","WW29+RVC, Battaramulla - Pannipitiya Rd, Sri Jayawardenepura Kotte, Sri Lanka",6.9020717,79.91965359999999
"Battaramulla Town, Colombo, Sri Lanka","Battaramulla, Sri Lanka",6.8979941,79.9222869
"Jayanthi Mawatha Battaramulla, Colombo, Sri Lanka","Vijithapura Jayanthi Mawatha, Battaramulla, Sri Lanka",6.8892489,79.9269723
"Pelawatta Junction, Colombo, Sri Lanka","B533, Sri Jayawardenepura Kotte, Sri Lanka",6.8913483,79.9289304
"Thalawathugoda Junction, Colombo, Sri Lanka","Thalawathugoda Junction, Ruhunupura, Sri Lanka",6.8763156,79.9353488
"Peliyagoda Junction, Colombo, Sri Lanka","Colombo, Sri Lanka",6.9270786,79.861243
"Peliyagoda Fish Market Area, Colombo, Sri Lanka","Colombo, Sri Lanka",6.9270786,79.861243
"Kelaniya Junction, Colombo, Sri Lanka","Colombo, Sri Lanka",6.9270786,79.861243
"Wattala Junction, Colombo, Sri Lanka","Wattala Junction, Negombo - Colombo Main Rd, Wattala 11300, Sri Lanka",6.9780099,79.8891664
"New Kelani Bridge Approach, Colombo, Sri Lanka","New Kelani Brg, Sri Lanka",6.9549249,79.8827484
"Old Kelani Bridge Approach, Colombo, Sri Lanka","Old Kelani Brg, Colombo, Sri Lanka",6.9543393,79.8819606
"Ekala Junction, Colombo, Sri Lanka","Colombo, Sri Lanka",6.9270786,79.861243
"Moratuwa Junction, Colombo, Sri Lanka","Moratuwa, Sri Lanka",6.7879304,79.88511419999999
"Rawathawatte Road Moratuwa, Colombo, Sri Lanka","Rawatawatta Rd, Moratuwa 10400, Sri Lanka",6.7906269,79.8896223
"Rathmalana Junction, Colombo, Sri Lanka","RV7H+WF6 Belek Kade Junction, A2, Dehiwala-Mount Lavinia, Sri Lanka",6.8147858,79.8786373
"Rathmalana Railway Station Area, Colombo, Sri Lanka","Rathmalana Railway Station, Dehiwala-Mount Lavinia, Sri Lanka",6.8147628,79.86689199999999
"Angulana Junction, Colombo, Sri Lanka","Galle Rd, Dehiwala-Mount Lavinia, Sri Lanka",6.804609699999999,79.8866977
"Katubedda Junction, Colombo, Sri Lanka","QVWQ+XHR, Khuduwanmulla Rd, Moratuwa 10400, Sri Lanka",6.7974443,79.8886078
"Orugodawatta Junction, Colombo, Sri Lanka","WVWM+7XQ, Sri Lanka",6.9457149,79.8849868
"Wellampitiya Junction, Colombo, Sri Lanka","Wellampitiya, Sri Lanka",6.942428199999999,79.9045771
"Kolonnawa Junction, Colombo, Sri Lanka","Kolonnawa Rd, Colombo, Sri Lanka",6.9303402,79.8806763
"Angoda Junction, Colombo, Sri Lanka","Angoda Junction, Angoda, Sri Lanka",6.9359696,79.92568729999999
"Kaduwela Junction, Colombo, Sri Lanka","WXPM+7MH, Kaduwela, Sri Lanka",6.9356887,79.9842292
"Havelock Road Colombo 05, Colombo, Sri Lanka","Havelock Rd, Colombo 00500, Sri Lanka",6.8903417,79.8638234
"Vajira Road Colombo 05, Colombo, Sri Lanka","Vajira Rd, Colombo, Sri Lanka",6.89154,79.8610536
"Kumaran Ratnam Road Colombo 02, Colombo, Sri Lanka","Kumaran Ratnam Rd, Colombo, Sri Lanka",6.9255031,79.8516797
"R A de Mel Mawatha Colombo 03, Colombo, Sri Lanka","R. A. De Mel Mawatha, Colombo, Sri Lanka",6.9038063,79.8542016
"Ward Place Colombo 07, Colombo, Sri Lanka","Ward Pl, Colombo, Sri Lanka",6.9159834,79.8712711
"Gregory's Road Colombo 07, Colombo, Sri Lanka","Gregory's Ave, Colombo 00700, Sri Lanka",6.9078897,79.8739587
"Ananda Rajakaruna Mawatha, Colombo, Sri Lanka","Ananda Rajakaruna Mawatha, Colombo 01000, Sri Lanka",6.9214056,79.8745293
"Sir Ernest de Silva Mawatha, Colombo, Sri Lanka","Sir Ernest de Silva Mawatha, Colombo 00700, Sri Lanka",6.9094981,79.8572772
"Dharmapala Mawatha Colombo 07, Colombo, Sri Lanka","Srimath Anagarika Dharmapala Mawatha, Colombo, Sri Lanka",6.9131823,79.8569497
"Malabe Junction, Colombo, Sri Lanka","Malabe Junction, Malabe, Sri Lanka",6.903892799999999,79.955015
"Athurugiriya Junction, Colombo, Sri Lanka","Athurugiriya - Nawagamuwa Rd, Sri Lanka",6.9104395,80.0147818
"Pittugala Junction, Colombo, Sri Lanka","Pittugala, Malabe, Sri Lanka",6.909119599999999,79.9716093
"Kadawatha Junction, Colombo, Sri Lanka","Kadawatha Rd, Colombo, Sri Lanka",6.862775,79.8805971
"Dehiwela Zoo Area, Colombo, Sri Lanka","WVG6+RFQ, Colombo 01000, Sri Lanka",6.9270786,79.861243
"Wellawatte Canal Area, Colombo, Sri Lanka","Wellawatte, Colombo 00600, Sri Lanka",6.874092099999999,79.8604934
"Bambalapitiya Market Area, Colombo, Sri Lanka","Bambalapitiya, Colombo, Sri Lanka",6.904361000000001,79.8540397
"Baseline Road Maradana, Colombo, Sri Lanka","Baseline Rd, Colombo, Sri Lanka",6.9293193,79.8779337
"D S Senanayake Mawatha, Colombo, Sri Lanka","D. S. Senanayake Mawatha, Colombo, Sri Lanka",6.9117051,79.8773953
"Bauddhaloka Mawatha Colombo 04, Colombo, Sri Lanka","Bauddhaloka Mawatha, Colombo, Sri Lanka",6.896194,79.8573523
"Elvitigala Mawatha Colombo 05, Colombo, Sri Lanka","Elvitigala Mawatha, Colombo, Sri Lanka",6.8888495,79.8768634
"Elvitigala Mawatha Colombo 08, Colombo, Sri Lanka","Elvitigala Mawatha, Colombo, Sri Lanka",6.9040558,79.8772209
"Udahamulla Junction, Colombo, Sri Lanka","Udahamulla, Nugegoda, Sri Lanka",6.8665559,79.9150724
"Hokandara Junction, Colombo, Sri Lanka","Hokandara Junction, Hokandara, Sri Lanka",6.8804862,79.9598989
"Junction of Ingurukade Road and Stace Road, Dematagoda, Colombo 09, Colombo, Sri Lanka","Stace Rd, Colombo, Sri Lanka",6.9447849,79.8746461
"No. 47 Sri Sangaraja Mawatha, Colombo 10, Colombo, Sri Lanka","47 Sri Sangaraja Mawatha, Colombo 01000, Sri Lanka",6.933855899999999,79.8647364
"Junction of Ward Place and D S Senanayake Mawatha (Baseline Road), Colombo 08, Colombo, Sri Lanka","Baseline Rd & D. S. Senanayake Mawatha, Colombo 00700, Sri Lanka",6.9147089,79.87752259999999
"Junction of Galle Road and Alfred Place, Colombo 03, Colombo, Sri Lanka","Alfred Pl & Galle Rd, Colombo, Sri Lanka",6.9015317,79.852893
"No. 101 R A de Mel Mawatha, Colombo 03, Colombo, Sri Lanka","101 R. A. De Mel Mawatha, Colombo, Sri Lanka",6.8947485,79.8574704
"Junction of New Kelani Bridge Approach and Peliyagoda Road, Peliyagoda, Colombo, Sri Lanka","Peliyagoda Roundabout & Old Kelani Bridge, Wattala, Sri Lanka",6.9553417,79.8827203
"Junction of Reid Avenue and Independence Avenue, Colombo 07, Colombo, Sri Lanka","Independence Ave, Colombo 00700, Sri Lanka",6.9063152,79.8660112
"Junction of Sea Street and St. Anthony's Mawatha, Colombo 13, Colombo, Sri Lanka","Street Anthony's Mawatha, Colombo 01300, Sri Lanka",6.9460205,79.8562376
"Junction of Rajagiriya Flyover Approach and High Level Road, Rajagiriya, Colombo, Sri Lanka","Rajagiriya Flyover, Rajagiriya Flyover, Sri Lanka",6.9089212,79.8957392
"No. 27 Flower Road, Colombo 03, Colombo, Sri Lanka","27 Flower Rd, Colombo 00700, Sri Lanka",6.909893899999999,79.857517
"Junction of Galle Road and Station Road, Dehiwela, Colombo, Sri Lanka","Station Rd & Galle Rd, Colombo, Sri Lanka",6.893782799999999,79.8554327
"No. 78 Sir Chittampalam A Gardiner Mawatha, Colombo 02, Colombo, Sri Lanka","78 Sir Chittampalam A Gardiner Mawath, Colombo, Sri Lanka",6.9305753,79.84730929999999
"Junction of Perahera Mawatha and Sir James Pieris Mawatha, Colombo 02, Colombo, Sri Lanka","Perahera Mawatha & Sir James Pieris Mawatha, Colombo, Sri Lanka",6.9152206,79.8559811
"No. 23 Pelawatta Road, Battaramulla, Colombo, Sri Lanka","23 New Parliament Rd, Sri Jayawardenepura Kotte 10120, Sri Lanka",6.890988999999999,79.9281673
"No. 02 Lotus Road, Colombo 01, Colombo, Sri Lanka","2 Lotus Rd, Colombo 00100, Sri Lanka",6.9317821,79.8448945
"Junction of High Level Road and Hospital Road, Kirulapone, Colombo 06, Colombo, Sri Lanka","High Level Rd & Hospital Rd, Homagama, Sri Lanka",6.8397268,79.9940711
"Junction of W A Silva Mawatha and Pamankada Road, Colombo 06, Colombo, Sri Lanka","Pamankada Ln & W.A. Silva Mawatha, Colombo, Sri Lanka",6.876749999999999,79.8668632
"Junction of Baseline Road and Elvitigala Mawatha, Colombo 08, Colombo, Sri Lanka","Elvitigala Mawatha, Colombo, Sri Lanka",6.9040558,79.8772209
"No. 9 Thimbirigasyaya Road, Colombo 05, Colombo, Sri Lanka","9 Thimbirigasyaya Rd, Colombo 00500, Sri Lanka",6.894595499999999,79.8708351
"Junction of Galle Road and Lauries Road, Colombo 04, Colombo, Sri Lanka","Lauries Rd & Galle Rd, Colombo, Sri Lanka",6.894600199999999,79.8551806
"No. 23 Kynsey Road, Colombo 08, Colombo, Sri Lanka","23 Kynsey Rd, Colombo 01000, Sri Lanka",6.9204655,79.8696448
"Junction of York Street and Chatham Street, Colombo 01, Colombo, Sri Lanka","Chatham St & York St, Colombo, Sri Lanka",6.9343151,79.8447736
"No. 65 Vajira Road, Colombo 05, Colombo, Sri Lanka","65 Vajira Rd, Colombo 00500, Sri Lanka",6.891528699999999,79.8608558
"Junction of Beira Lake Road and Ananda Coomaraswamy Mawatha, Colombo 03, Colombo, Sri Lanka","42/3 Ananda Coomaraswamy Mawatha, Colombo 00030, Sri Lanka",6.911646999999999,79.8528456
"Cambridge Place Colombo 07, Colombo, Sri Lanka","Cambridge Pl, Colombo 00700, Sri Lanka",6.9071988,79.8600266
"No. 88 Galle Road, Rathmalana, Colombo, Sri Lanka","88a Galle Rd, Dehiwala-Mount Lavinia 10350, Sri Lanka",6.8478503,79.8658834
"No. 15 Colvin R. de Silva Mawatha, Colombo 02, Colombo, Sri Lanka","393/15/1/1 Dr Colvin R de Silva Mawatha, Colombo 00700, Sri Lanka",6.9199075,79.8600008
"Junction of St. Joseph's Street and Kotahena Street, Colombo 13, Colombo, Sri Lanka","Kotahena St, Colombo 01300, Sri Lanka",6.9494699,79.8626776
"Junction of Rosmead Place and Maitland Crescent, Colombo 07, Colombo, Sri Lanka","Maitland Cres, Colombo 00700, Sri Lanka",6.9097085,79.8662576
"Junction of Nawala Road and Parliament Road, Rajagiriya, Colombo, Sri Lanka","New Parliament Rd, Battaramulla, Sri Lanka",6.8909701,79.9253454
"Junction of High Level Road and Wijerama Mawatha, Nugegoda, Colombo, Sri Lanka","High Level Rd & Wijerama Mawatha, Nugegoda, Sri Lanka",6.857702,79.9085652
"No. 17 Temple Road, Mount Lavinia, Colombo, Sri Lanka","17 Temple Rd, Dehiwala-Mount Lavinia, Sri Lanka",6.8370627,79.8857682
"No. 34 Galle Road, Dehiwela, Colombo, Sri Lanka","34 Galle Rd, Colombo 00600, Sri Lanka",6.878424499999999,79.8597612
"Junction of Horana Road and Piliyandala Road, Kesbewa, Colombo, Sri Lanka","Horana Rd & Piliyandala Rd, Pannipitiya 10230, Sri Lanka",6.832952000000001,79.9647521
"Junction of Rajagiriya Flyover and Nawala Road, Rajagiriya, Colombo, Sri Lanka","Rajagiriya Flyover, Rajagiriya Flyover, Sri Lanka",6.9089212,79.8957392
"Junction of Old Parliament Road and Polduwa Road, Kotte, Colombo, Sri Lanka","Polduwa Rd, Sri Jayawardenepura Kotte, Sri Lanka",6.9038478,79.9164219
"Junction of Darley Road and Norris Canal Road, Colombo 10, Colombo, Sri Lanka","Norris Canal Rd, Colombo 01000, Sri Lanka",6.9210399,79.8659874
"Junction of Galle Road and R A de Mel Mawatha, Colombo 03, Colombo, Sri Lanka","R. A. De Mel Mawatha & Galle Rd, Colombo 00700, Sri Lanka",6.912078699999999,79.8510381
"Junction of Sirimavo Bandaranaike Mawatha and Grandpass Road, Colombo 14, Colombo, Sri Lanka","14 Grandpass Rd, Colombo 01400, Sri Lanka",6.941933,79.8652595
"Junction of Kandy Road and Kiribathgoda Road, Kelaniya, Colombo, Sri Lanka","Kiribathgoda-Sapugaskanda Rd & Kandy Rd, Kiribathgoda, Sri Lanka",6.9782616,79.9272684
"Junction of Havelock Road and Dickman's Road, Colombo 05, Colombo, Sri Lanka","Havelock Rd & Dickmans Rd, Colombo 00500, Sri Lanka",6.888114000000001,79.8643269
"Junction of Sri Jayawardenepura Mawatha and Jayanthi Mawatha, Battaramulla, Colombo, Sri Lanka","Jayanthi Mawatha & Sri Jayawardenepura Mawatha, Sri Jayawardenepura Kotte, Sri Lanka",6.9060652,79.904172
"Dutugemunu Street Colombo 06, Colombo, Sri Lanka","Dutugemunu St, Colombo, Sri Lanka",6.8713991,79.8760649
"No. 12 Second Cross Street, Pettah, Colombo 11, Colombo, Sri Lanka","12 2nd Cross Street, Colombo 01100, Sri Lanka",6.935164400000001,79.852597
"No. 12 Gregory's Road, Colombo 07, Colombo, Sri Lanka","12A Gregory's Ave, Colombo 00700, Sri Lanka",6.9093854,79.8681264
"No. 88 Horton Place, Colombo 07, Colombo, Sri Lanka","88 Horton Pl, Colombo 00700, Sri Lanka",6.911387899999999,79.87225459999999
"No. 14 Bloemendhal Road, Colombo 13, Colombo, Sri Lanka","14 Bloemendhal Rd, Colombo 01300, Sri Lanka",6.943982,79.8641683
"No. 45 Messenger Street, Pettah, Colombo 11, Colombo, Sri Lanka","45 M. J. M. Lafeer Mawatha, Colombo, Sri Lanka",6.940548,79.8612579
"No. 12 Buller's Road, Colombo 07, Colombo, Sri Lanka","12 Bauddhaloka Mawatha, Colombo 00500, Sri Lanka",6.897968,79.86082119999999
"Junction of Galle Road and Rawathawatte Road, Moratuwa, Colombo, Sri Lanka","Rawatawatta Rd & Galle Rd, Moratuwa 10400, Sri Lanka",6.7930714,79.8871145
"No. 34 Baseline Road, Kolonnawa, Colombo, Sri Lanka","34 Baseline Rd, Colombo 00800, Sri Lanka",6.9150029,79.87768919999999
"Junction of Kolonnawa Road and Wellampitiya Road, Wellampitiya, Colombo, Sri Lanka","Kolonnawa Rd, Sri Lanka",6.9324687,79.8915123
"No. 3 Justice Akbar Mawatha (Glennie Street), Colombo 02, Colombo, Sri Lanka","no. 3, 3 Justice Akbar Mawatha, Colombo 00200, Sri Lanka",6.9238433,79.84867090000002
"Junction of Cotta Road and Bauddhaloka Mawatha, Colombo 08, Colombo, Sri Lanka","18 Dr NM Perera Mawatha Rd, Colombo 00800, Sri Lanka",6.9139525,79.878481
"Junction of D R Wijewardena Mawatha and Norris Canal Road, Colombo 10, Colombo, Sri Lanka","Norris Canal Rd, Colombo 01000, Sri Lanka",6.9210399,79.8659874
"Junction of Havelock Road and Jawatte Road, Colombo 05, Colombo, Sri Lanka","Jawatta Rd, Colombo, Sri Lanka",6.8953002,79.8668991
"Junction of D S Senanayake Mawatha and Gnanartha Pradeepa Mawatha, Colombo 08, Colombo, Sri Lanka","D. S. Senanayake Mawatha & Gnanartha Pradeepa Mawatha, Colombo 00700, Sri Lanka",6.9147089,79.87752259999999
"No. 34 Kirula Road, Borella, Colombo 08, Colombo, Sri Lanka","34 Kirula Rd, Colombo 00500, Sri Lanka",6.892252,79.87053949999999
"No. 05 Sirimavo Bandaranaike Mawatha, Grandpass, Colombo 14, Colombo, Sri Lanka","5 Sirimavo Bandaranaike Mawatha, Colombo 01300, Sri Lanka",6.944629399999999,79.8665427
"Junction of Olcott Mawatha and Sea Street, Colombo 11, Colombo, Sri Lanka","Sea St, Colombo 01300, Sri Lanka",6.9418464,79.8542501
"Junction of Main Street and First Cross Street, Pettah, Colombo 11, Colombo, Sri Lanka","Main St & 1st Cross St, Colombo, Sri Lanka",6.937465899999999,79.85073349999999
"Junction of Union Place and Kumaran Ratnam Road, Colombo 02, Colombo, Sri Lanka","Kumaran Ratnam Rd, Colombo, Sri Lanka",6.9255031,79.8516797
"Torrington Avenue Colombo 07, Colombo, Sri Lanka","7 Torrington Ave, Colombo 00700, Sri Lanka",6.8980313,79.8688026
"Junction of Galle Road and Kawdana Road, Wellawatte, Colombo 06, Colombo, Sri Lanka","Wellawatte, Colombo 00600, Sri Lanka",6.874092099999999,79.8604934
"Junction of Havelock Road and Thimbirigasyaya Road, Colombo 05, Colombo, Sri Lanka","Thimbirigasyaya Rd & Havelock Rd, Colombo 00500, Sri Lanka",6.8903249,79.8637507
"No. 102 Galle Road, Wellawatte, Colombo 06, Colombo, Sri Lanka","102 Galle Rd, Colombo 00600, Sri Lanka",6.8748393,79.8610597
"Junction of Maliban Junction and Old Galle Road, Rathmalana, Colombo, Sri Lanka","Old Galle Rd, Sri Lanka",6.7507376,79.9002198
"Junction of Baseline Road and D R Wijewardena Mawatha, Colombo 09, Colombo, Sri Lanka","WV7H+W24, Baseline Rd, Colombo, Sri Lanka",6.9147544,79.8775893
"No. 55 Dharmapala Mawatha, Colombo 07, Colombo, Sri Lanka","55 Srimath Anagarika Dharmapala Mawatha, Colombo 00300, Sri Lanka",6.9127781,79.8532601
"Junction of De Saram Road and Hospital Road, Dehiwela, Colombo, Sri Lanka","Hospital Rd, Colombo, Sri Lanka",6.8648594,79.8703535
"No. 09 Station Road, Maharagama, Colombo, Sri Lanka","9 Station Rd, Colombo 00400, Sri Lanka",6.893399199999999,79.8545163
"No. 56 Baseline Road, Dematagoda, Colombo 09, Colombo, Sri Lanka","56 Baseline Rd, Colombo 00900, Sri Lanka",6.9279503,79.8779919
"Junction of High Level Road and Pagoda Road, Nugegoda, Colombo, Sri Lanka","Pagoda Rd, Nugegoda, Sri Lanka",6.8792979,79.8947089
"Junction of Front Street and Dam Street, Colombo 12, Colombo, Sri Lanka","Dam St, Colombo, Sri Lanka",6.9379068,79.8573875
"No. 78 High Level Road, Gangodawila, Nugegoda, Colombo, Sri Lanka","78 High Level Rd, Maharagama, Sri Lanka",6.8562373,79.91109449999999
"No. 45 Jawatte Road, Colombo 05, Colombo, Sri Lanka","45 Jawatta Rd, Colombo 00500, Sri Lanka",6.8972848,79.8667921
"No. 5 T B Jayah Mawatha, Maradana, Colombo 10, Colombo, Sri Lanka","5 T. B. Jayah Mawatha, Colombo 01000, Sri Lanka",6.928052399999999,79.8634762
"No. 12 Nawala Road, Rajagiriya, Colombo, Sri Lanka","12 Nawala Rd, Sri Jayawardenepura Kotte 00500, Sri Lanka",6.874480999999999,79.8909402
